"id","first_name","country"
1001,"Toughjoyfax","China"
1002,"first_name","country"
1003,"Konklab","China"
1004,"Bitwolf","Barbados"
1005,"Sonair","Philippines"
1006,"Matsoft","China"
1007,"Span","China"
1008,"Vagram","Canada"
1009,"Gembucket","Macedonia"
1010,"Bamity","Iran"
1011,"It","Bulgaria"
1012,"Konklux","Indonesia"
1013,"Sub-Ex","Nigeria"
1014,"Kanlam","China"
1015,"Domainer","Peru"
1016,"Bamity","United States"
1017,"Zathin","Honduras"
1018,"Matsoft","Czech Republic"
1019,"Flexidy","Greece"
1020,"Tampflex","Thailand"
1021,"Otcom","China"
1022,"It","Philippines"
1023,"Alphazap","China"
1024,"Veribet","Russia"
1025,"Home Ing","Philippines"
1026,"Duobam","China"
1027,"Y-Solowarm","Lithuania"
1028,"Stringtough","Finland"
1029,"Bitchip","Brazil"
1030,"Zontrax","China"
1031,"Hatity","Finland"
1032,"Domainer","France"
1033,"Konklab","China"
1034,"Tin","China"
1035,"Tampflex","China"
1036,"Zoolab","Philippines"
1037,"Stringtough","Canada"
1038,"Solarbreeze","Poland"
1039,"Job","Argentina"
1040,"Stronghold","Poland"
1041,"Konklab","Sweden"
1042,"Tresom","Albania"
1043,"Zaam-Dox","Japan"
1044,"Stim","France"
1045,"Pannier","Mexico"
1046,"Opela","Honduras"
1047,"Gembucket","Indonesia"
1048,"Transcof","Poland"
1049,"Flexidy","Indonesia"
1050,"Toughjoyfax","Indonesia"
1051,"Tin","Poland"
1052,"Treeflex","Brazil"
1053,"Sub-Ex","Brazil"
1054,"Stim","Thailand"
1055,"Alpha","Luxembourg"
1056,"Job","Croatia"
1057,"Sonair","San Marino"
1058,"Gembucket","Mexico"
1059,"Matsoft","Brazil"
1060,"Tresom","Japan"
1061,"Daltfresh","Mexico"
1062,"Stringtough","China"
1063,"Stringtough","Russia"
1064,"Namfix","Philippines"
1065,"Fixflex","Philippines"
1066,"Overhold","Macedonia"
1067,"Mat Lam Tam","China"
1068,"Flexidy","China"
1069,"Bytecard","Ukraine"
1070,"Keylex","China"
1071,"Biodex","France"
1072,"Sonsing","Pakistan"
1073,"Home Ing","Jordan"
1074,"Y-find","Mauritania"
1075,"Redhold","China"
1076,"Viva","Vanuatu"
1077,"Zathin","Croatia"
1078,"Namfix","China"
1079,"Alphazap","China"
1080,"Greenlam","Russia"
1081,"Voyatouch","China"
1082,"Ronstring","Sweden"
1083,"Stringtough","Japan"
1084,"Tampflex","Pakistan"
1085,"Lotstring","China"
1086,"Treeflex","Russia"
1087,"Treeflex","Japan"
1088,"Sub-Ex","China"
1089,"Zaam-Dox","Canada"
1090,"Zathin","Czech Republic"
1091,"Cookley","Vietnam"
1092,"Job","France"
1093,"Veribet","United States"
1094,"Veribet","China"
1095,"Mat Lam Tam","North Korea"
1096,"Tampflex","Brazil"
1097,"Holdlamis","Philippines"
1098,"Overhold","Guinea"
1099,"Stim","China"
1100,"Aerified","Costa Rica"
1101,"Veribet","Serbia"
1102,"Viva","Indonesia"
1103,"It","China"
1104,"Flowdesk","Russia"
1105,"Flowdesk","Poland"
1106,"Fintone","Albania"
1107,"Stringtough","Mongolia"
1108,"Trippledex","Poland"
1109,"Domainer","Peru"
1110,"Voltsillam","Malaysia"
1111,"Matsoft","Portugal"
1112,"Lotlux","Kazakhstan"
1113,"Andalax","China"
1114,"It","Palestinian Territory"
1115,"Redhold","Croatia"
1116,"Zoolab","China"
1117,"Sonsing","China"
1118,"Transcof","Czech Republic"
1119,"Keylex","China"
1120,"Redhold","Russia"
1121,"Cardify","El Salvador"
1122,"Tres-Zap","Russia"
1123,"Matsoft","Poland"
1124,"Konklab","Indonesia"
1125,"Andalax","Norway"
1126,"Andalax","Croatia"
1127,"Namfix","China"
1128,"Konklab","France"
1129,"Cardify","United States"
1130,"Sonair","Sweden"
1131,"Matsoft","Russia"
1132,"Konklab","Gambia"
1133,"Quo Lux","Cyprus"
1134,"Regrant","Portugal"
1135,"Fix San","China"
1136,"Stronghold","Slovenia"
1137,"Viva","Indonesia"
1138,"Redhold","Japan"
1139,"Lotstring","China"
1140,"Alpha","Peru"
1141,"Zathin","Nigeria"
1142,"Flowdesk","China"
1143,"Daltfresh","China"
1144,"Span","Indonesia"
1145,"Tres-Zap","China"
1146,"Mat Lam Tam","Poland"
1147,"Hatity","Sweden"
1148,"Tresom","Cuba"
1149,"Redhold","Philippines"
1150,"Veribet","Uganda"
1151,"Tempsoft","Afghanistan"
1152,"Zathin","Mali"
1153,"Voyatouch","Colombia"
1154,"Fixflex","Burundi"
1155,"Zoolab","Brazil"
1156,"Duobam","China"
1157,"Stronghold","Japan"
1158,"Cookley","Malaysia"
1159,"Redhold","Brazil"
1160,"Flowdesk","France"
1161,"Latlux","Indonesia"
1162,"Flowdesk","Russia"
1163,"Toughjoyfax","France"
1164,"Flowdesk","Sweden"
1165,"Konklab","China"
1166,"Voyatouch","Pakistan"
1167,"Tampflex","Thailand"
1168,"Transcof","Philippines"
1169,"Aerified","Indonesia"
1170,"Flexidy","Philippines"
1171,"Daltfresh","Israel"
1172,"Rank","Thailand"
1173,"Fixflex","Indonesia"
1174,"Ventosanzap","Greece"
1175,"Gembucket","Costa Rica"
1176,"Keylex","Philippines"
1177,"Tin","Iraq"
1178,"Prodder","Philippines"
1179,"Flexidy","China"
1180,"Stronghold","Peru"
1181,"Hatity","Ukraine"
1182,"Greenlam","China"
1183,"Latlux","Czech Republic"
1184,"Cardguard","Paraguay"
1185,"Tres-Zap","Brazil"
1186,"Otcom","South Africa"
1187,"Duobam","Indonesia"
1188,"Y-find","China"
1189,"Lotlux","Brazil"
1190,"Veribet","Russia"
1191,"Redhold","Vietnam"
1192,"Stringtough","China"
1193,"Zontrax","Norway"
1194,"Otcom","Indonesia"
1195,"Flowdesk","Poland"
1196,"Lotlux","Russia"
1197,"Veribet","France"
1198,"Fix San","Indonesia"
1199,"Domainer","Colombia"
1200,"Aerified","Poland"
1201,"Zontrax","Chile"
1202,"Tres-Zap","China"
1203,"Job","Colombia"
1204,"Overhold","Luxembourg"
1205,"Daltfresh","Canada"
1206,"Sonsing","Portugal"
1207,"Andalax","Sweden"
1208,"Greenlam","China"
1209,"Zontrax","Argentina"
1210,"It","Sweden"
1211,"Bitchip","Belarus"
1212,"Lotstring","Indonesia"
1213,"Vagram","China"
1214,"Fintone","Colombia"
1215,"Vagram","Serbia"
1216,"Veribet","Indonesia"
1217,"Greenlam","China"
1218,"Stringtough","French Polynesia"
1219,"Duobam","United States"
1220,"Wrapsafe","Portugal"
1221,"Transcof","China"
1222,"Transcof","Yemen"
1223,"Tresom","China"
1224,"Sonair","China"
1225,"Ronstring","Honduras"
1226,"Aerified","Ireland"
1227,"Greenlam","Greece"
1228,"Bigtax","Poland"
1229,"Sonsing","Russia"
1230,"Zontrax","Portugal"
1231,"Vagram","China"
1232,"Holdlamis","Philippines"
1233,"Sub-Ex","Argentina"
1234,"Transcof","Latvia"
1235,"Daltfresh","China"
1236,"Ronstring","Croatia"
1237,"Y-Solowarm","Thailand"
1238,"Regrant","United States"
1239,"Tampflex","Russia"
1240,"Otcom","Brazil"
1241,"Tres-Zap","Indonesia"
1242,"Y-Solowarm","Thailand"
1243,"Sub-Ex","Russia"
1244,"Fixflex","Brazil"
1245,"Tresom","Greece"
1246,"Prodder","Uzbekistan"
1247,"Overhold","Croatia"
1248,"Fixflex","Indonesia"
1249,"Fixflex","Ukraine"
1250,"Zaam-Dox","China"
1251,"Tampflex","South Korea"
1252,"Quo Lux","Lithuania"
1253,"Ronstring","China"
1254,"Fixflex","Bolivia"
1255,"Voltsillam","United States"
1256,"Quo Lux","China"
1257,"Subin","China"
1258,"Zoolab","Indonesia"
1259,"Gembucket","Philippines"
1260,"Zamit","Sweden"
1261,"Solarbreeze","Portugal"
1262,"Sonsing","Vietnam"
1263,"Span","Armenia"
1264,"Rank","Japan"
1265,"Domainer","Indonesia"
1266,"Trippledex","Poland"
1267,"Redhold","Azerbaijan"
1268,"Latlux","China"
1269,"Regrant","Western Sahara"
1270,"Zoolab","Indonesia"
1271,"Lotlux","Philippines"
1272,"Tresom","Brazil"
1273,"Domainer","China"
1274,"Sonsing","Moldova"
1275,"Transcof","Guatemala"
1276,"Fix San","Lebanon"
1277,"Rank","Philippines"
1278,"Regrant","Portugal"
1279,"Mat Lam Tam","China"
1280,"Sonair","Finland"
1281,"Wrapsafe","Nigeria"
1282,"Tresom","Sweden"
1283,"Hatity","Sri Lanka"
1284,"Cookley","Brazil"
1285,"Namfix","China"
1286,"Transcof","Russia"
1287,"Veribet","Indonesia"
1288,"Zamit","Indonesia"
1289,"Y-find","Indonesia"
1290,"Redhold","Philippines"
1291,"Andalax","China"
1292,"Flowdesk","Sweden"
1293,"Treeflex","Mali"
1294,"Zamit","Philippines"
1295,"Holdlamis","China"
1296,"Fix San","Sweden"
1297,"Solarbreeze","Japan"
1298,"Stim","France"
1299,"Tres-Zap","China"
1300,"Asoka","Indonesia"
1301,"Treeflex","Micronesia"
1302,"Zoolab","Indonesia"
1303,"Trippledex","Sweden"
1304,"Zontrax","Ecuador"
1305,"Keylex","China"
1306,"Fix San","Greece"
1307,"Aerified","United States"
1308,"Toughjoyfax","Indonesia"
1309,"Tres-Zap","China"
1310,"Mat Lam Tam","Russia"
1311,"Rank","China"
1312,"Viva","Indonesia"
1313,"Lotlux","Sweden"
1314,"Kanlam","France"
1315,"Biodex","Indonesia"
1316,"Prodder","Portugal"
1317,"Y-find","Indonesia"
1318,"Bigtax","Poland"
1319,"Trippledex","France"
1320,"Stronghold","France"
1321,"Tres-Zap","Argentina"
1322,"Voyatouch","Indonesia"
1323,"Rank","Brazil"
1324,"Toughjoyfax","China"
1325,"Fintone","Armenia"
1326,"Tampflex","China"
1327,"Zathin","Israel"
1328,"Bitwolf","Russia"
1329,"Tresom","Indonesia"
1330,"Alphazap","Sweden"
1331,"Regrant","Latvia"
1332,"Overhold","China"
1333,"Stronghold","Indonesia"
1334,"Keylex","China"
1335,"Temp","Poland"
1336,"Trippledex","Croatia"
1337,"Pannier","Indonesia"
1338,"Voyatouch","Albania"
1339,"Cardguard","Finland"
1340,"Bitwolf","Indonesia"
1341,"Rank","China"
1342,"Holdlamis","France"
1343,"Sonsing","Indonesia"
1344,"Vagram","China"
1345,"Domainer","China"
1346,"Wrapsafe","China"
1347,"Fix San","Thailand"
1348,"Hatity","China"
1349,"Mat Lam Tam","China"
1350,"Voyatouch","Sri Lanka"
1351,"Ronstring","Indonesia"
1352,"Tres-Zap","Indonesia"
1353,"Latlux","Indonesia"
1354,"Lotstring","Philippines"
1355,"Zaam-Dox","France"
1356,"Trippledex","Indonesia"
1357,"Redhold","China"
1358,"Regrant","France"
1359,"Zamit","China"
1360,"Cardify","Nicaragua"
1361,"Ronstring","Syria"
1362,"Overhold","Indonesia"
1363,"Holdlamis","Poland"
1364,"Trippledex","China"
1365,"Gembucket","Japan"
1366,"Cookley","China"
1367,"Alphazap","China"
1368,"Matsoft","China"
1369,"Tempsoft","Argentina"
1370,"Bitchip","Peru"
1371,"Alphazap","Sweden"
1372,"Daltfresh","Brazil"
1373,"Andalax","Indonesia"
1374,"Ronstring","China"
1375,"Prodder","Pakistan"
1376,"Tresom","France"
1377,"Holdlamis","Poland"
1378,"Quo Lux","Ukraine"
1379,"Konklux","Philippines"
1380,"Zamit","Indonesia"
1381,"Flexidy","Indonesia"
1382,"Solarbreeze","Czech Republic"
1383,"Cardguard","Swaziland"
1384,"Rank","China"
1385,"Daltfresh","France"
1386,"Solarbreeze","China"
1387,"Gembucket","China"
1388,"Alpha","South Africa"
1389,"Fixflex","Finland"
1390,"Subin","Philippines"
1391,"Subin","Yemen"
1392,"Konklab","Norway"
1393,"Redhold","Armenia"
1394,"Prodder","Ireland"
1395,"Alpha","China"
1396,"Sonsing","China"
1397,"Flexidy","Finland"
1398,"Kanlam","Colombia"
1399,"Konklux","China"
1400,"It","Poland"
1401,"It","Sierra Leone"
1402,"Alpha","Nicaragua"
1403,"Holdlamis","Peru"
1404,"Span","Syria"
1405,"Tin","Samoa"
1406,"Sub-Ex","Ukraine"
1407,"Andalax","China"
1408,"Tempsoft","Kenya"
1409,"Fixflex","China"
1410,"Zamit","Panama"
1411,"Domainer","Indonesia"
1412,"Y-Solowarm","Indonesia"
1413,"Bamity","China"
1414,"Subin","Indonesia"
1415,"Bitchip","Morocco"
1416,"Flexidy","Philippines"
1417,"Stronghold","China"
1418,"Otcom","China"
1419,"Stringtough","China"
1420,"Otcom","China"
1421,"Job","Cameroon"
1422,"Overhold","Germany"
1423,"Solarbreeze","China"
1424,"Temp","China"
1425,"Ronstring","Chile"
1426,"Flowdesk","Mexico"
1427,"Keylex","Philippines"
1428,"Solarbreeze","Czech Republic"
1429,"Sub-Ex","Ukraine"
1430,"Tres-Zap","Thailand"
1431,"Veribet","Brazil"
1432,"Alpha","Philippines"
1433,"Treeflex","United States"
1434,"Veribet","Indonesia"
1435,"Hatity","Thailand"
1436,"Fixflex","Russia"
1437,"Pannier","Tanzania"
1438,"Zontrax","Argentina"
1439,"Greenlam","Argentina"
1440,"Y-find","Philippines"
1441,"Alphazap","Poland"
1442,"Sub-Ex","Lithuania"
1443,"Span","Macedonia"
1444,"Sonair","China"
1445,"Voyatouch","Russia"
1446,"Trippledex","France"
1447,"Zontrax","Russia"
1448,"Zathin","China"
1449,"Opela","Yemen"
1450,"Vagram","Indonesia"
1451,"Keylex","Mongolia"
1452,"Alphazap","Russia"
1453,"Voyatouch","Portugal"
1454,"Konklux","Ireland"
1455,"Tresom","Philippines"
1456,"Sonair","China"
1457,"Lotlux","China"
1458,"Opela","Bulgaria"
1459,"Solarbreeze","Namibia"
1460,"Holdlamis","France"
1461,"Daltfresh","Pakistan"
1462,"Gembucket","Sweden"
1463,"Zaam-Dox","Indonesia"
1464,"Holdlamis","Argentina"
1465,"Ronstring","Indonesia"
1466,"Regrant","United States"
1467,"Greenlam","United States"
1468,"Bigtax","China"
1469,"Zontrax","Japan"
1470,"Cardify","China"
1471,"Tempsoft","United States"
1472,"Span","France"
1473,"Prodder","China"
1474,"Sonair","Philippines"
1475,"Regrant","France"
1476,"Vagram","China"
1477,"Stronghold","Russia"
1478,"Bytecard","United States"
1479,"Keylex","Russia"
1480,"Biodex","Kazakhstan"
1481,"Tres-Zap","Indonesia"
1482,"Y-Solowarm","Norway"
1483,"Overhold","Afghanistan"
1484,"Tresom","Ukraine"
1485,"Greenlam","Russia"
1486,"Sonsing","Sierra Leone"
1487,"Duobam","Indonesia"
1488,"Flexidy","United Kingdom"
1489,"Kanlam","Indonesia"
1490,"Fixflex","Peru"
1491,"Quo Lux","Brazil"
1492,"Alpha","China"
1493,"Tresom","Germany"
1494,"Rank","Kazakhstan"
1495,"Konklab","Portugal"
1496,"Pannier","Philippines"
1497,"Andalax","Russia"
1498,"Zoolab","Argentina"
1499,"Subin","Argentina"
1500,"Sonair","France"
1501,"Opela","Netherlands"
1502,"Zoolab","United States"
1503,"Zathin","Palestinian Territory"
1504,"Sonair","Poland"
1505,"Flowdesk","Sweden"
1506,"Cardguard","Portugal"
1507,"Bitchip","Czech Republic"
1508,"Otcom","China"
1509,"Keylex","China"
1510,"Bytecard","Portugal"
1511,"Opela","Russia"
1512,"Holdlamis","Sweden"
1513,"Asoka","Poland"
1514,"Hatity","Sweden"
1515,"Y-Solowarm","Indonesia"
1516,"Voltsillam","China"
1517,"Aerified","Morocco"
1518,"Konklab","China"
1519,"Opela","Nigeria"
1520,"Konklab","China"
1521,"Regrant","Armenia"
1522,"Konklux","China"
1523,"Alphazap","China"
1524,"Prodder","Russia"
1525,"Wrapsafe","Sweden"
1526,"Ronstring","China"
1527,"Bigtax","Brazil"
1528,"Bitchip","Brazil"
1529,"Otcom","Greece"
1530,"Ronstring","China"
1531,"Fixflex","Angola"
1532,"Bitchip","Brazil"
1533,"Redhold","Czech Republic"
1534,"Ronstring","Russia"
1535,"Stringtough","Uganda"
1536,"Temp","Russia"
1537,"Voyatouch","Angola"
1538,"Redhold","China"
1539,"Regrant","Malta"
1540,"Alphazap","Norway"
1541,"Tempsoft","Brazil"
1542,"Redhold","Georgia"
1543,"Voltsillam","Cuba"
1544,"Daltfresh","China"
1545,"Flowdesk","Brazil"
1546,"Namfix","Czech Republic"
1547,"Alphazap","Russia"
1548,"Matsoft","Chile"
1549,"Flowdesk","Mexico"
1550,"Bamity","China"
1551,"Domainer","Greece"
1552,"Tresom","Egypt"
1553,"Biodex","Peru"
1554,"Prodder","Tonga"
1555,"Trippledex","China"
1556,"Job","Philippines"
1557,"Fintone","Hungary"
1558,"Bigtax","Czech Republic"
1559,"Holdlamis","Indonesia"
1560,"Voltsillam","China"
1561,"Tampflex","China"
1562,"Zaam-Dox","China"
1563,"Mat Lam Tam","Peru"
1564,"Zontrax","Thailand"
1565,"Bigtax","Sweden"
1566,"Pannier","Indonesia"
1567,"Domainer","Pakistan"
1568,"Cookley","China"
1569,"Stronghold","Angola"
1570,"Konklab","Indonesia"
1571,"Fixflex","China"
1572,"Flowdesk","Argentina"
1573,"Lotstring","Peru"
1574,"Overhold","Sri Lanka"
1575,"Stim","Ireland"
1576,"Stronghold","Lithuania"
1577,"Trippledex","China"
1578,"Vagram","Dominican Republic"
1579,"Biodex","Greece"
1580,"Prodder","United States"
1581,"Kanlam","Indonesia"
1582,"Matsoft","Guatemala"
1583,"Sub-Ex","Cambodia"
1584,"Pannier","United States"
1585,"Fintone","Chile"
1586,"Flexidy","Myanmar"
1587,"Rank","Russia"
1588,"Mat Lam Tam","Croatia"
1589,"Zontrax","Poland"
1590,"Toughjoyfax","Mexico"
1591,"Home Ing","China"
1592,"Y-find","Russia"
1593,"Sub-Ex","China"
1594,"Regrant","China"
1595,"Keylex","France"
1596,"Latlux","Colombia"
1597,"Sonair","United States"
1598,"Holdlamis","China"
1599,"Alpha","Dominican Republic"
1600,"Stronghold","Poland"
1601,"Asoka","France"
1602,"Flowdesk","Argentina"
1603,"Lotstring","Brazil"
1604,"Span","Philippines"
1605,"Zontrax","Philippines"
1606,"It","Georgia"
1607,"Wrapsafe","Vietnam"
1608,"Tempsoft","Portugal"
1609,"Subin","Ukraine"
1610,"Domainer","Indonesia"
1611,"Y-find","Germany"
1612,"Duobam","Serbia"
1613,"Daltfresh","Uzbekistan"
1614,"Voyatouch","Yemen"
1615,"Zathin","Serbia"
1616,"Sub-Ex","Kenya"
1617,"Voyatouch","China"
1618,"Vagram","Thailand"
1619,"Tres-Zap","Croatia"
1620,"Cardify","France"
1621,"Daltfresh","Russia"
1622,"Span","South Africa"
1623,"Biodex","Russia"
1624,"Alphazap","Palestinian Territory"
1625,"Overhold","Indonesia"
1626,"Trippledex","Japan"
1627,"Bitchip","Indonesia"
1628,"Overhold","Iran"
1629,"Flowdesk","Indonesia"
1630,"It","Iran"
1631,"Bytecard","China"
1632,"Ronstring","Russia"
1633,"Sub-Ex","Tajikistan"
1634,"Zontrax","China"
1635,"Fixflex","Malaysia"
1636,"Bitchip","Czech Republic"
1637,"Holdlamis","Thailand"
1638,"Overhold","Philippines"
1639,"Solarbreeze","France"
1640,"Tampflex","Russia"
1641,"Aerified","Ukraine"
1642,"Sonair","Czech Republic"
1643,"Bigtax","French Polynesia"
1644,"It","Poland"
1645,"Lotlux","Canada"
1646,"Opela","China"
1647,"Fintone","Greece"
1648,"Cardify","Philippines"
1649,"Zoolab","Colombia"
1650,"Rank","Indonesia"
1651,"Overhold","Brazil"
1652,"Temp","Indonesia"
1653,"Solarbreeze","China"
1654,"Stronghold","Mexico"
1655,"Rank","Japan"
1656,"Transcof","Indonesia"
1657,"Regrant","Indonesia"
1658,"Home Ing","Philippines"
1659,"Bytecard","Indonesia"
1660,"Ventosanzap","Indonesia"
1661,"Ventosanzap","Norway"
1662,"Greenlam","China"
1663,"Alphazap","Albania"
1664,"Hatity","China"
1665,"Stim","France"
1666,"Flexidy","Norway"
1667,"Voyatouch","Russia"
1668,"Quo Lux","Turkmenistan"
1669,"Cardify","Peru"
1670,"Transcof","Sweden"
1671,"Y-find","United States"
1672,"Bitwolf","Indonesia"
1673,"Ventosanzap","Finland"
1674,"Namfix","Indonesia"
1675,"Flowdesk","Uzbekistan"
1676,"Home Ing","Norway"
1677,"Wrapsafe","Guadeloupe"
1678,"Transcof","Tanzania"
1679,"Daltfresh","China"
1680,"Fixflex","Afghanistan"
1681,"Subin","Vietnam"
1682,"Treeflex","Philippines"
1683,"Zoolab","Uganda"
1684,"Redhold","Indonesia"
1685,"It","Indonesia"
1686,"Bitchip","Philippines"
1687,"Tempsoft","Croatia"
1688,"Alpha","Thailand"
1689,"Tresom","Russia"
1690,"Treeflex","China"
1691,"Rank","South Africa"
1692,"Overhold","Iran"
1693,"Job","Greece"
1694,"Treeflex","Ukraine"
1695,"Wrapsafe","China"
1696,"Prodder","Saudi Arabia"
1697,"Quo Lux","Canada"
1698,"Job","China"
1699,"Zontrax","Guatemala"
1700,"Tresom","Gambia"
1701,"Konklux","Portugal"
1702,"Vagram","Indonesia"
1703,"Keylex","China"
1704,"Aerified","Indonesia"
1705,"Zoolab","China"
1706,"Tempsoft","Indonesia"
1707,"Stringtough","Peru"
1708,"Stronghold","Ukraine"
1709,"Otcom","Sudan"
1710,"Keylex","Bhutan"
1711,"Gembucket","Norway"
1712,"Trippledex","Afghanistan"
1713,"Tempsoft","Philippines"
1714,"Pannier","Honduras"
1715,"Fintone","Sweden"
1716,"Pannier","Indonesia"
1717,"Namfix","Colombia"
1718,"Treeflex","El Salvador"
1719,"Otcom","China"
1720,"Stronghold","Belarus"
1721,"Duobam","China"
1722,"Hatity","China"
1723,"Viva","China"
1724,"Latlux","Peru"
1725,"Bytecard","Russia"
1726,"Flowdesk","Panama"
1727,"Vagram","Vietnam"
1728,"Toughjoyfax","Czech Republic"
1729,"Bytecard","Brazil"
1730,"Bytecard","Egypt"
1731,"Matsoft","China"
1732,"Wrapsafe","China"
1733,"Voltsillam","Portugal"
1734,"Voyatouch","Canada"
1735,"Trippledex","Luxembourg"
1736,"Home Ing","Indonesia"
1737,"Fintone","Indonesia"
1738,"Y-find","Mexico"
1739,"Alpha","Belize"
1740,"Konklux","Sweden"
1741,"Tres-Zap","Sweden"
1742,"Wrapsafe","Kazakhstan"
1743,"Span","Japan"
1744,"Stronghold","Japan"
1745,"Stringtough","China"
1746,"Latlux","Vietnam"
1747,"Home Ing","China"
1748,"Lotstring","El Salvador"
1749,"Opela","Greece"
1750,"Lotstring","Ukraine"
1751,"Cardguard","Brazil"
1752,"Redhold","Finland"
1753,"Pannier","Indonesia"
1754,"Namfix","Poland"
1755,"Y-find","China"
1756,"Wrapsafe","Colombia"
1757,"Transcof","China"
1758,"Otcom","Nigeria"
1759,"Cardguard","China"
1760,"Pannier","Norway"
1761,"Transcof","Russia"
1762,"Fixflex","Uganda"
1763,"Lotstring","Brazil"
1764,"Y-Solowarm","Zambia"
1765,"Redhold","Peru"
1766,"Voyatouch","Russia"
1767,"Flexidy","Philippines"
1768,"Redhold","Honduras"
1769,"Zontrax","Peru"
1770,"Prodder","Poland"
1771,"Keylex","Colombia"
1772,"Toughjoyfax","Brazil"
1773,"Viva","United States"
1774,"Holdlamis","France"
1775,"Bamity","Philippines"
1776,"Veribet","China"
1777,"Subin","Sierra Leone"
1778,"Rank","China"
1779,"Transcof","United States"
1780,"Flexidy","Brazil"
1781,"Home Ing","Greece"
1782,"Temp","China"
1783,"Daltfresh","Russia"
1784,"Opela","Indonesia"
1785,"Job","Russia"
1786,"Temp","Ethiopia"
1787,"Tampflex","Uzbekistan"
1788,"Biodex","France"
1789,"Keylex","Thailand"
1790,"Fix San","Jordan"
1791,"Stim","Yemen"
1792,"Veribet","Indonesia"
1793,"Holdlamis","Colombia"
1794,"Holdlamis","China"
1795,"Fixflex","Sudan"
1796,"Home Ing","Czech Republic"
1797,"Fix San","China"
1798,"Fixflex","China"
1799,"Veribet","Chile"
1800,"Tempsoft","Ukraine"
1801,"Zoolab","Tunisia"
1802,"Zathin","France"
1803,"Mat Lam Tam","Malta"
1804,"Zathin","France"
1805,"Subin","Colombia"
1806,"Job","Zambia"
1807,"Solarbreeze","Indonesia"
1808,"Ventosanzap","Armenia"
1809,"Fixflex","Argentina"
1810,"Asoka","Serbia"
1811,"Stim","China"
1812,"Flexidy","United States"
1813,"Daltfresh","Tunisia"
1814,"Namfix","China"
1815,"Toughjoyfax","Syria"
1816,"Bamity","Georgia"
1817,"Wrapsafe","China"
1818,"Alphazap","Indonesia"
1819,"Bigtax","China"
1820,"Stringtough","Honduras"
1821,"Bigtax","Peru"
1822,"Alphazap","Chile"
1823,"Alpha","Poland"
1824,"Otcom","Philippines"
1825,"Stim","China"
1826,"Ventosanzap","China"
1827,"Redhold","China"
1828,"Cardify","Colombia"
1829,"Lotstring","Georgia"
1830,"Stringtough","Sweden"
1831,"Veribet","Ukraine"
1832,"Fix San","Azerbaijan"
1833,"Overhold","Poland"
1834,"Pannier","Malaysia"
1835,"Domainer","Indonesia"
1836,"Tres-Zap","China"
1837,"Bitwolf","Bosnia and Herzegovina"
1838,"Tempsoft","Indonesia"
1839,"Bigtax","New Zealand"
1840,"Domainer","China"
1841,"Namfix","Mexico"
1842,"Sonair","Latvia"
1843,"Fix San","Peru"
1844,"Cookley","Nigeria"
1845,"Quo Lux","France"
1846,"Sub-Ex","United States"
1847,"Daltfresh","Russia"
1848,"Tin","Brazil"
1849,"Ronstring","Canada"
1850,"Tresom","Portugal"
1851,"Daltfresh","Russia"
1852,"Latlux","Serbia"
1853,"Sonsing","Russia"
1854,"Y-find","Serbia"
1855,"Cardify","Montenegro"
1856,"Daltfresh","United States"
1857,"Voyatouch","China"
1858,"Duobam","Indonesia"
1859,"Regrant","South Africa"
1860,"Solarbreeze","Venezuela"
1861,"Daltfresh","Argentina"
1862,"Sonsing","Uganda"
1863,"Bitwolf","Russia"
1864,"Ronstring","France"
1865,"Matsoft","Indonesia"
1866,"Stim","China"
1867,"Asoka","Czech Republic"
1868,"Sonsing","Japan"
1869,"Konklab","Kazakhstan"
1870,"Regrant","China"
1871,"Zontrax","China"
1872,"Voltsillam","China"
1873,"Quo Lux","Russia"
1874,"Transcof","Poland"
1875,"Bamity","Brazil"
1876,"Hatity","Honduras"
1877,"Zontrax","Indonesia"
1878,"Transcof","Poland"
1879,"Transcof","Slovenia"
1880,"Voyatouch","China"
1881,"Veribet","China"
1882,"Bitchip","Canada"
1883,"Quo Lux","Brazil"
1884,"Bytecard","Venezuela"
1885,"Sonair","China"
1886,"Quo Lux","Iraq"
1887,"Voyatouch","Mexico"
1888,"Lotstring","United States"
1889,"Flowdesk","Armenia"
1890,"Cookley","China"
1891,"Zoolab","Indonesia"
1892,"Biodex","Brazil"
1893,"Kanlam","Russia"
1894,"Fintone","Norway"
1895,"Overhold","Poland"
1896,"Daltfresh","Albania"
1897,"It","Philippines"
1898,"Y-Solowarm","China"
1899,"Sub-Ex","Dominican Republic"
1900,"Daltfresh","Russia"
1901,"Duobam","Poland"
1902,"Tresom","China"
1903,"Rank","Serbia"
1904,"Regrant","Philippines"
1905,"Prodder","China"
1906,"Wrapsafe","Czech Republic"
1907,"Cookley","China"
1908,"Greenlam","China"
1909,"Rank","Central African Republic"
1910,"Sonair","China"
1911,"Transcof","Bulgaria"
1912,"Lotlux","Greece"
1913,"Home Ing","China"
1914,"Viva","Portugal"
1915,"Zoolab","France"
1916,"Zathin","Indonesia"
1917,"Zathin","Poland"
1918,"Home Ing","Benin"
1919,"Stronghold","Czech Republic"
1920,"Sonair","France"
1921,"Zoolab","China"
1922,"Transcof","Kazakhstan"
1923,"Veribet","China"
1924,"Alpha","Japan"
1925,"Aerified","Argentina"
1926,"Home Ing","Portugal"
1927,"Bamity","Thailand"
1928,"Tres-Zap","Cuba"
1929,"Greenlam","Brazil"
1930,"Stringtough","Iran"
1931,"Konklab","Russia"
1932,"Temp","Poland"
1933,"Fix San","Palestinian Territory"
1934,"Stim","China"
1935,"Biodex","China"
1936,"Kanlam","China"
1937,"Duobam","China"
1938,"Sonsing","Philippines"
1939,"Transcof","Panama"
1940,"Aerified","China"
1941,"Regrant","China"
1942,"Otcom","Vietnam"
1943,"Overhold","China"
1944,"Wrapsafe","France"
1945,"Vagram","Croatia"
1946,"Treeflex","China"
1947,"Asoka","Colombia"
1948,"Stim","China"
1949,"Alpha","Philippines"
1950,"Konklux","Peru"
1951,"Overhold","Indonesia"
1952,"Matsoft","China"
1953,"Y-find","Poland"
1954,"Veribet","Micronesia"
1955,"Latlux","Tunisia"
1956,"Transcof","Indonesia"
1957,"Konklab","Indonesia"
1958,"Zathin","China"
1959,"Bigtax","Philippines"
1960,"Sub-Ex","China"
1961,"Domainer","Egypt"
1962,"Konklab","South Korea"
1963,"Alpha","Chile"
1964,"Flexidy","France"
1965,"Flexidy","Mongolia"
1966,"Tresom","Indonesia"
1967,"Konklab","Peru"
1968,"Zaam-Dox","Indonesia"
1969,"Lotstring","Dominican Republic"
1970,"Subin","Russia"
1971,"Tampflex","Russia"
1972,"Y-Solowarm","Portugal"
1973,"Aerified","Philippines"
1974,"Greenlam","Russia"
1975,"Y-find","Russia"
1976,"Tin","China"
1977,"Holdlamis","Indonesia"
1978,"Opela","China"
1979,"Sub-Ex","Iran"
1980,"Fintone","Japan"
1981,"Gembucket","China"
1982,"Aerified","Netherlands"
1983,"Konklab","China"
1984,"Alpha","China"
1985,"Home Ing","Philippines"
1986,"Pannier","Colombia"
1987,"Fixflex","Malaysia"
1988,"Sub-Ex","South Korea"
1989,"Sonair","Indonesia"
1990,"Andalax","Russia"
1991,"Alpha","Russia"
1992,"Subin","Gambia"
1993,"Flexidy","Colombia"
1994,"Cardify","Japan"
1995,"Tresom","Bulgaria"
1996,"Stringtough","Indonesia"
1997,"Biodex","Russia"
1998,"Regrant","Czech Republic"
1999,"Vagram","China"
2000,"Tin","China"
